No,Action,Owner,Status,DueDate,UpdatedDate
1,คอยติดตามวิทยากร ทำการขอเปิดหลักสูตร ตามแผนอบรมส่วนกลางก่อนถึงกำหนดเปิดอบรมในแต่ละเดือน,ลูกหมี,In Progress,2026-06-30,2026-06-10
2,ย้ำเตือนการสอบแต่ละหลักสูตร ในแต่ละเดือนส่งให้ตัวแทนในการติดตาม,ลูกหมี,In Progress,2026-06-30,2026-06-10
3,ติดตามวิทยากรส่งผลอบรมตามกำหนด,ลูกหมี,In Progress,2026-06-30,2026-06-10
4,สมัครอบรม และทำจ่ายค่าอบรมภายนอก,ลูกหมี,In Progress,2026-06-30,2026-06-10
5,สำหรับหลักสูตรอบรมภายนอกที่ไปอบรมมาแล้ว ต้องนำใบประกาศไปขึ้นทะเบียนกับหน่วยงานภายนอก,ลูกหมี,In Progress,2026-06-30,2026-06-10
6,BCT ขอเปิดอบรม แยกข้อมูล แสดงหลังจากวิทยากรขอเปิดอบรมมาแล้วใครบ้างที่ต้องเข้าอบรมตามแผน,ลูกหมี,In Progress,2026-06-30,2026-06-10
7,ทบทวนหลักสูตรที่มีการลงทะเบียนล่วงหน้าตามแผนประจำปี กับทีมวิทยากร,ลูกหมี,In Progress,2026-06-30,2026-06-10
8,สมัครอบรมหลักสูตรเจ้าหน้าที่ความปลอดภัยในการทำงาน ระดับบริหาร ในกลุ่ม PMG,ลูกหมี,Done,2026-05-06,2026-06-10
9,ปรับปรุง Sheet F1_ใบลงทะเบียนอบรม »» เมื่อกดบันทึกข้อมูลหลักสูตร ให้จ่าย MSP อัตโนมัติ,ลูกหมี,In Progress,2026-06-30,2026-06-10
